ID,Name,Age,City,Occupation
1,Alice,30,New York,Engineer
2,Bob,25,Los Angeles,Teacher
3,Charlie,35,Chicago,Doctor
4,Diana,28,Houston,Lawyer
5,Eric,40,Dallas,Writer
6,pavan,23,new jersey,software engineer
7,ram,34,new york,sales administrator
8,kalyan,30,new jersey,IAM engineer
9,Alice Smith,44,New York,Doctor
10,John Doe,23,Los Angeles,Engineer
11,Emma Johnson,33,Chicago,Teacher
12,Michael Brown,36,Houston,Nurse
13,Olivia Davis,37,Phoenix,Lawyer
14,Liam Wilson,34,Philadelphia,Accountant
15,Sophia Taylor,55,San Antonio,Architect
16,James Anderson,27,San Diego,Software Developer
17,Isabella Thomas,28,Dallas,Chef
18,Benjamin Jackson,24,San Jose,Pilot
19,Mia White,43,Austin,Journalist
20,William Harris,37,Jacksonville,Pharmacist
21,Charlotte Martin,33,Fort Worth,Dentist
22,Noah Thompson,31,Columbus,Electrician
23,Ava Lee,30,Charlotte,Plumber
24,Lucas Lewis,34,San Francisco,Artist
25,Amelia Clark,35,Indianapolis,Writer
26,Mason King,43,Seattle,Musician
27,Harper Walker,32,Denver,Scientist
28,Ethan Wright,34,Washington,Mechanic
29,Evelyn Hall,22,Boston,Police Officer
30,Alexander Allen,36,El Paso,Firefighter
31,Abigail Young,38,Nashville,Paramedic
32,Jacob Scott,37,Detroit,Librarian
33,Emily Hill,26,Las Vegas,Veterinarian
34,Henry Green,37,Portland,Social Worker
35,Elizabeth Adams,29,Memphis,Psychologist
36,Samuel Baker,25,Louisville,Photographer
37,Madison Nelson,25,Baltimore,Designer
38,Jackson Carter,24,Milwaukee,Carpenter
39,Avery Roberts,32,Albuquerque,Farmer
40,Sebastian Murphy,23,Tucson,Chef
41,Ella Mitchell,22,Fresno,Construction Worker
42,Daniel Perez,23,Sacramento,Salesperson
43,Lily Collins,21,Kansas City,Receptionist
44,Matthew Edwards,26,Atlanta,Graphic Designer
45,Grace Stewart,25,Miami,Consultant
46,David Ward,27,Omaha,Data Analyst
47,Scarlett Watson,28,Raleigh,Translator
48,Joseph Hughes,24,Colorado Springs,Web Developer
49,Victoria Rivera,26,Virginia Beach,Chef
50,Anthony Butler,25,Long Beach,Event Planner
51,Zoey Torres,34,Oakland,Travel Agent
52,Christopher Sanchez,38,Minneapolis,Marketing Manager
53,Riley Morgan,39,Tulsa,Financial Advisor
54,Andrew Bell,37,Arlington,Real Estate Agent
55,Penelope Reed,36,New Orleans,HR Manager
56,Joshua Cook,54,Wichita,Fitness Trainer
57,Layla Bailey,43,Cleveland,Barista
58,Ryan Cooper,32,Tampa,Retail Manager